{"accuracy": [0.835925817489624, 0.911372184753418, 0.9335359930992126, 0.9477671980857849, 0.9585661292076111, 0.9651294350624084, 0.9700770378112793, 0.9734545350074768, 0.9760105013847351, 0.978256106376648], "loss": [0.3647635579109192, 0.22588372230529785, 0.17543987929821014, 0.13855300843715668, 0.11222986876964569, 0.09242377430200577, 0.07916507124900818, 0.0693022683262825, 0.06129501014947891, 0.0549369715154171], "val_accuracy": [0.8323954343795776, 0.8454324007034302, 0.8625961542129517, 0.8642843961715698, 0.8666291236877441, 0.8667229413986206, 0.8658788204193115, 0.8685049414634705, 0.8677546381950378, 0.8708497285842896], "val_loss": [0.405102401971817, 0.37998613715171814, 0.3597414493560791, 0.39924681186676025, 0.43497392535209656, 0.46177881956100464, 0.5390045642852783, 0.5215317010879517, 0.5931524634361267, 0.6055979132652283]}