{"accuracy": [0.8385475873947144, 0.9143868684768677, 0.9368881583213806, 0.9504148364067078, 0.9586663842201233, 0.9658217430114746, 0.9703813791275024, 0.9738296270370483, 0.9769962430000305, 0.9786785244941711], "loss": [0.36479705572128296, 0.22360298037528992, 0.1700069010257721, 0.1356104016304016, 0.11120066046714783, 0.09370773285627365, 0.07998497039079666, 0.07073519378900528, 0.06228618323802948, 0.05689208582043648], "val_accuracy": [0.8881999850273132, 0.9085999727249146, 0.9193999767303467, 0.9197999835014343, 0.9196000099182129, 0.9215999841690063, 0.9223999977111816, 0.9196000099182129, 0.9186000227928162, 0.9175999760627747], "val_loss": [0.277660608291626, 0.2401461899280548, 0.2309410125017166, 0.23686344921588898, 0.24862782657146454, 0.2577299475669861, 0.2868461310863495, 0.2894151508808136, 0.29217663407325745, 0.3283019959926605]}